{"model": "regressor_01", "r2": 1.0, "mse": 0.0, "explained_variance": 1.0, "_timestamp": 1699350416.334215, "_runtime": 1.1133899688720703, "_step": 0, "_wandb": {"runtime": 0}}