{"model": "regressor_01", "r2": 1.0, "mse": 0.0, "explained_variance": 1.0, "_timestamp": 1699350569.3834748, "_runtime": 1.6346209049224854, "_step": 0, "_wandb": {"runtime": 0}}