{"r2": 1.0, "_timestamp": 1699349773.636838, "_runtime": 1.0210039615631104, "_step": 0, "_wandb": {"runtime": 0}}