{"r2": 1.0, "_timestamp": 1699349936.38511, "_runtime": 0.8899037837982178, "_step": 0, "_wandb": {"runtime": 0}}