{"r2": 1.0, "_timestamp": 1699350090.097135, "_runtime": 0.8616430759429932, "_step": 0, "_wandb": {"runtime": 0}}