{"model": "regressor_01", "r2": 1.0, "mse": 0.0, "explained_variance": 1.0, "_timestamp": 1699350511.684809, "_runtime": 0.7334370613098145, "_step": 0, "_wandb": {"runtime": 0}}