{"reg_r2": 0.8381768284831316, "reg_mse": 0.04040780803182892, "reg_explained_variance": 0.8389395837873175, "score_rfc": 0.8391726633847738, "mse_rfc": 0.0401591445977869, "eva_rfc": 0.8392484993759781, "_timestamp": 1699351935.228492, "_runtime": 0.7642700672149658, "_step": 0, "_wandb": {"runtime": 0}}