{"model": "regressor_01", "r2": 1.0, "mse": 0.0, "explained_variance": 1.0, "_timestamp": 1699350598.539212, "_runtime": 0.9674980640411377, "_step": 0, "_wandb": {"runtime": 0}}