{"reg_r2": 0.8381768284831316, "reg_mse": 0.04040780803182892, "reg_explained_variance": 0.8389395837873175, "score_rfc": 0.854608104360229, "mse_rfc": 0.03630486137013552, "eva_rfc": 0.8546090948711346, "_timestamp": 1699351887.525006, "_runtime": 0.8714089393615723, "_step": 0, "_wandb": {"runtime": 0}}